{"cameraMode":{"drawMode":0,"name":"Shaded","section":"Shading Mode"},"sceneLighting":false,"audioPlay":false,"sceneViewState":{"showFog":true,"showMaterialUpdate":false,"showSkybox":false,"showFlares":true,"showImageEffects":true,"showParticleSystems":true},"in2DMode":false,"pivot":{"x":8.60786247253418,"y":1.6863865852355958,"z":-4.369519233703613},"rotation":{"x":-0.14350537955760957,"y":0.005353894550353289,"z":-0.0007725529721938074,"w":-0.9896705150604248},"size":0.25980743765830996,"orthographic":true}